<?xml version="1.0" encoding="UTF-8"?>
<project-private xmlns="http://www.netbeans.org/ns/project-private/1">
    <editor-bookmarks xmlns="http://www.netbeans.org/ns/editor-bookmarks/2" lastBookmarkId="0"/>
    <open-files xmlns="http://www.netbeans.org/ns/projectui-open-files/2">
        <group>
            <file>file:/D:/Documents/NetBeansProjects/Airline%20project/src/Main.java</file>
            <file>file:/D:/Documents/NetBeansProjects/Airline%20project/src/addCustomer.java</file>
            <file>file:/D:/Documents/NetBeansProjects/Airline%20project/src/addflight.java</file>
            <file>file:/D:/Documents/NetBeansProjects/Airline%20project/src/ticket.java</file>
            <file>file:/D:/Documents/NetBeansProjects/Airline%20project/src/ticketreport.java</file>
            <file>file:/D:/Documents/NetBeansProjects/Airline%20project/src/searchCustomer.java</file>
            <file>file:/D:/Documents/NetBeansProjects/Airline%20project/src/userCreation.java</file>
            <file>file:/D:/Documents/NetBeansProjects/Airline%20project/src/Login.java</file>
        </group>
    </open-files>
</project-private>
